{
  "profile_name": "core2",
  "candidate_input_file": "results/abc-core2-diagnostic-100/abc_accepted.csv",
  "candidate_input_file_hash": "eae75ac4e00fcb59e13938bac5dc870bead3ebf7ca8c5ad759b68718c68ca940",
  "repository_commit": "1f59e7e85b4cc476d31ad764bdb81f5966c530a7",
  "working_tree_dirty": true,
  "master_seed": 2026072302,
  "replicate_count": 10,
  "replicate_seeds": [5589448652870235333, -6487287034856441255, -5685907065752687180, 1113882577431830254, 7487756817630153809, -2309251230968898195, -6138896303863890613, -3084566433027122089, 4905766887455923757, 2797245421472657168],
  "thread_count": 8,
  "runtime_seconds": 52.9266200830,
  "created_at_utc": "2026-07-23T19:28:41.181302Z",
  "java_version": "26.0.1",
  "operating_system": "Mac OS X 26.5.2",
  "available_processor_count": 10,
  "profile_hash": "763f9a96989417db3c2c411f0de9927c09ed8afdf2a949b73750a47874fccfd7",
  "variable_parameter_ranges": [{"name":"divProbP","lower":0.005,"upper":0.03,"sampling":"uniform_linear"},{"name":"pOffMax","lower":0.01,"upper":0.20,"sampling":"uniform_linear"}],
  "frozen_parameter_values": {
    "netN": 0.00259979918080,
    "dieProbN": 0.0185745166581,
    "pOnMax": 0.0344299168465,
    "dieProbP": 0.00306108452805,
    "cafDivBoost": 0.427609468482,
    "ecSurvival": 0.0509998219712,
    "activProbF": 0.0235917824107,
    "divProbFP": 0.0298057467647,
    "activProbM": 0.0418290881943,
    "activProbE": 0.0594775137265,
    "recruitBias": 0.0400000000000,
    "lambdaCAF": 2,
    "stressStrength": 1.50000000000,
    "lambdaStress": 2,
    "migrProbP": 0.100000000000,
    "migrProbN": 0.0100000000000,
    "divProbFN": 0,
    "dieProbFN": 0.00800000000000,
    "dieProbFP": 0.0120000000000,
    "divProbMN": 0.00500000000000,
    "dieProbMN": 0.00500000000000,
    "divProbMP": 0.0157500000000,
    "dieProbMP": 0.0150000000000,
    "migrProbM": 0.800000000000,
    "dieProbEN": 0.00500000000000,
    "divProbEP": 0.00870000000000,
    "dieProbEP": 0.00800000000000,
    "deactProbE": 0.0100000000000,
    "dieProbL": 0.00200000000000,
    "macrophageDaughterActivationBoost": 0.00800000000000,
    "endothelialDaughterDivisionBoost": 0.00100000000000,
    "fibroblastSignalBoost": 0.0200000000000,
    "fibroblastSignalCap": 10,
    "tumorEndothelialRadius": 3.50000000000,
    "macrophageInteractionRadius": 3.50000000000,
    "macrophageEndothelialBiasRadius": 3.50000000000,
    "endothelialMacrophageRadius": 1.50000000000,
    "fibroblastTumorRadius": 3.50000000000,
    "clusterRadius": 4,
    "initialJnkPositiveTenths": 9,
    "initialMacrophageCount": 925,
    "initialLungCount": 1225,
    "initPop": 25
  },
  "targets": [
    {"name": "abc_target_01_jnkp_s480", "target": 0.530000000000, "scale": 0.200000000000, "weight": 1},
    {"name": "abc_target_02_jnkp_s1440", "target": 0.140000000000, "scale": 0.200000000000, "weight": 1},
    {"name": "abc_target_03_ec_s480", "target": 0.150000000000, "scale": 0.200000000000, "weight": 0.500000000000},
    {"name": "abc_target_04_ec_s960", "target": 0.300000000000, "scale": 0.200000000000, "weight": 0.500000000000},
    {"name": "abc_target_05_ec_s1440", "target": 0.800000000000, "scale": 0.200000000000, "weight": 1},
    {"name": "abc_target_06_mac_s1440", "target": 0.770000000000, "scale": 0.200000000000, "weight": 1},
    {"name": "abc_target_07_fibro_s1440", "target": 1.10000000000, "scale": 0.270000000000, "weight": 1},
    {"name": "abc_target_08_tumor_s480", "target": 0.420000000000, "scale": 0.270000000000, "weight": 1},
    {"name": "abc_target_09_tumor_s960", "target": 0.780000000000, "scale": 0.270000000000, "weight": 1},
    {"name": "abc_target_10_tumor_s1440", "target": 1.11000000000, "scale": 0.270000000000, "weight": 1}
  ],
  "acceptance_rules": "GOOD distance <= 3; BORDERLINE 3 < distance <= 4; candidate pass distance <= 4 and biologically valid; invalid distance Infinity and never posterior",
  "required_compartment_definitions": "tumor, EC, fibroblast, and macrophage totals must remain nonzero through required target observations",
  "thread_safety_policy": "fixed ExecutorService; one callable per candidate-seed; each callable constructs a fresh ExampleGrid, immutable ModelParameters, HAL Rand, diagnostic result buffers, and returns data to the coordinator; workers do not write shared CSVs"
}
