{
  "schema_version": "tnbc-abm-core2-diagnostic-freeze-v1",
  "created_at_utc": "2026-07-23T18:38:06.033553Z",
  "repository_commit": "1f59e7e85b4cc476d31ad764bdb81f5966c530a7",
  "working_tree_dirty": true,
  "profile_name": "core2",
  "profile_description": "Temporary diagnostic ABC profile for tumour growth and JNK switch-off",
  "variable_parameters": [
    {"name": "divProbP", "lower": 0.00500000000000, "upper": 0.0300000000000, "sampling": "Uniform(lower_bound, upper_bound) in physical space", "sampling_transform": "linear"},
    {"name": "pOffMax", "lower": 0.0100000000000, "upper": 0.200000000000, "sampling": "Uniform(lower_bound, upper_bound) in physical space", "sampling_transform": "linear"}
  ],
  "frozen_parameters": {
    "netN": 0.00259979918080,
    "dieProbN": 0.0185745166581,
    "pOnMax": 0.0344299168465,
    "dieProbP": 0.00306108452805,
    "cafDivBoost": 0.427609468482,
    "ecSurvival": 0.0509998219712,
    "activProbF": 0.0235917824107,
    "divProbFP": 0.0298057467647,
    "activProbM": 0.0418290881943,
    "activProbE": 0.0594775137265,
    "recruitBias": 0.0400000000000,
    "lambdaCAF": 2,
    "stressStrength": 1.50000000000,
    "lambdaStress": 2,
    "migrProbP": 0.100000000000,
    "migrProbN": 0.0100000000000,
    "divProbFN": 0,
    "dieProbFN": 0.00800000000000,
    "dieProbFP": 0.0120000000000,
    "divProbMN": 0.00500000000000,
    "dieProbMN": 0.00500000000000,
    "divProbMP": 0.0157500000000,
    "dieProbMP": 0.0150000000000,
    "migrProbM": 0.800000000000,
    "dieProbEN": 0.00500000000000,
    "divProbEP": 0.00870000000000,
    "dieProbEP": 0.00800000000000,
    "deactProbE": 0.0100000000000,
    "dieProbL": 0.00200000000000,
    "macrophageDaughterActivationBoost": 0.00800000000000,
    "endothelialDaughterDivisionBoost": 0.00100000000000,
    "fibroblastSignalBoost": 0.0200000000000,
    "fibroblastSignalCap": 10,
    "tumorEndothelialRadius": 3.50000000000,
    "macrophageInteractionRadius": 3.50000000000,
    "macrophageEndothelialBiasRadius": 3.50000000000,
    "endothelialMacrophageRadius": 1.50000000000,
    "fibroblastTumorRadius": 3.50000000000,
    "clusterRadius": 4,
    "initialJnkPositiveTenths": 9,
    "initialMacrophageCount": 925,
    "initialLungCount": 1225,
    "initPop": 25
  },
  "targets": [
    {"id": "abc_target_01_jnkp_s480", "type": "jnkp", "step": 480, "observed": 0.530000000000, "weight": 1, "scale": 0.200000000000},
    {"id": "abc_target_02_jnkp_s1440", "type": "jnkp", "step": 1440, "observed": 0.140000000000, "weight": 1, "scale": 0.200000000000},
    {"id": "abc_target_03_ec_s480", "type": "ec", "step": 480, "observed": 0.150000000000, "weight": 0.500000000000, "scale": 0.200000000000},
    {"id": "abc_target_04_ec_s960", "type": "ec", "step": 960, "observed": 0.300000000000, "weight": 0.500000000000, "scale": 0.200000000000},
    {"id": "abc_target_05_ec_s1440", "type": "ec", "step": 1440, "observed": 0.800000000000, "weight": 1, "scale": 0.200000000000},
    {"id": "abc_target_06_mac_s1440", "type": "mac", "step": 1440, "observed": 0.770000000000, "weight": 1, "scale": 0.200000000000},
    {"id": "abc_target_07_fibro_s1440", "type": "fibro", "step": 1440, "observed": 1.10000000000, "weight": 1, "scale": 0.270000000000},
    {"id": "abc_target_08_tumor_s480", "type": "tumor", "step": 480, "observed": 0.420000000000, "weight": 1, "scale": 0.270000000000},
    {"id": "abc_target_09_tumor_s960", "type": "tumor", "step": 960, "observed": 0.780000000000, "weight": 1, "scale": 0.270000000000},
    {"id": "abc_target_10_tumor_s1440", "type": "tumor", "step": 1440, "observed": 1.11000000000, "weight": 1, "scale": 0.270000000000}
  ],
  "snapshot_steps": [0, 480, 960, 1440],
  "grid": {"width": 100, "height": 100},
  "initialization": {"init_population": 25, "initial_jnk_positive_tenths": 9, "initial_macrophage_count": 925, "initial_lung_count": 1225, "cluster_radius": 4},
  "random_seed_policy": "proposalSeed(master, drawId) and simulationSeed(master, drawId); one stochastic replicate per draw; fresh ExampleGrid and HAL Rand per draw",
  "master_seed": 2026072301,
  "draws": 100,
  "max_step": 1440,
  "distance_function": "sqrt(sum(weight * ((simulated - observed) / scale)^2))",
  "candidate_threshold": 4,
  "good_threshold": 3,
  "selected_threshold": 4,
  "poor_fit_threshold": 4.0,
  "acceptance_logic": "candidate iff VALID_FINITE and distance <= candidate_threshold; invalid/error/poor never accepted; no quantile minimum",
  "invalid_run_rules": "exceptions, validation failures, malformed/incomplete snapshots, non-finite target stats, final tumor extinction, EC/macrophage/fibroblast denominator loss where required",
  "coordinate_hashes": {"QuadratEndothelialOn.txt": "169618f369bd6f880fb2f197a146308f3f84b047565b908b27eb52188abaceaa", "QuadratStrOn.txt": "fca3eba27df2ac18dec2bd13800b26f1254c0fb939899be196273c34cfa5cef6"},
  "profile_hash": "763f9a96989417db3c2c411f0de9927c09ed8afdf2a949b73750a47874fccfd7",
  "target_hash": "447c5e42bcc1368716b4c371f3adffb193ccf7660d96af0c0c1143fa881ca1b4"
}
